INSERT INTO CIUDADES (IDCIUDAD, NOMBRE) VALUES (ciudad_sequence.nextVal, 'Cucuta');
INSERT INTO CIUDADES (IDCIUDAD, NOMBRE) VALUES (ciudad_sequence.nextVal, 'Cali');
INSERT INTO CIUDADES (IDCIUDAD, NOMBRE) VALUES (ciudad_sequence.nextVal, 'Medellin');
INSERT INTO CIUDADES (IDCIUDAD, NOMBRE) VALUES (ciudad_sequence.nextVal, 'Bogota');
INSERT INTO CIUDADES (IDCIUDAD, NOMBRE) VALUES (ciudad_sequence.nextVal, 'Pereira');
INSERT INTO CIUDADES (IDCIUDAD, NOMBRE) VALUES (ciudad_sequence.nextVal, 'Cartagena');
INSERT INTO CIUDADES (IDCIUDAD, NOMBRE) VALUES (ciudad_sequence.nextVal, 'Ibague');
INSERT INTO CIUDADES (IDCIUDAD, NOMBRE) VALUES (ciudad_sequence.nextVal, 'Barranquilla');
INSERT INTO CIUDADES (IDCIUDAD, NOMBRE) VALUES (ciudad_sequence.nextVal, 'San Andres');
INSERT INTO CIUDADES (IDCIUDAD, NOMBRE) VALUES (ciudad_sequence.nextVal, 'Salento');
INSERT INTO CIUDADES (IDCIUDAD, NOMBRE) VALUES (ciudad_sequence.nextVal, 'Barrancabermeja');
INSERT INTO CIUDADES (IDCIUDAD, NOMBRE) VALUES (ciudad_sequence.nextVal, 'Popayán');

insert into SUCURSALES (IDSUCURSAL, NOMBRE, DIRECCION, TELEFONO, CIUDAD_ASOCIADA) values (sucursal_sequence.nextVal, 'Bauch, Cruickshank and VonRueden', '18 Miller Way', '6701676936', 1);
insert into SUCURSALES (IDSUCURSAL, NOMBRE, DIRECCION, TELEFONO, CIUDAD_ASOCIADA) values (sucursal_sequence.nextVal, 'VonRueden, Abernathy and Koss', '57 Grim Hill', '4208322306', 2);
insert into SUCURSALES (IDSUCURSAL, NOMBRE, DIRECCION, TELEFONO, CIUDAD_ASOCIADA) values (sucursal_sequence.nextVal, 'Jacobs, Hansen and Ullrich', '48761 Brown Crossing', '6367312714', 21);
insert into SUCURSALES (IDSUCURSAL, NOMBRE, DIRECCION, TELEFONO, CIUDAD_ASOCIADA) values (sucursal_sequence.nextVal, 'Gleason-Block', '22 Algoma Parkway', '5366446791', 22);
insert into SUCURSALES (IDSUCURSAL, NOMBRE, DIRECCION, TELEFONO, CIUDAD_ASOCIADA) values (sucursal_sequence.nextVal, 'Willms Group', '142 Michigan Crossing', '5571414766', 27);
insert into SUCURSALES (IDSUCURSAL, NOMBRE, DIRECCION, TELEFONO, CIUDAD_ASOCIADA) values (sucursal_sequence.nextVal, 'Johnston Group', '6468 Declaration Lane', '1503521737', 28);
insert into SUCURSALES (IDSUCURSAL, NOMBRE, DIRECCION, TELEFONO, CIUDAD_ASOCIADA) values (sucursal_sequence.nextVal, 'Waters-Nicolas', '01 Hermina Pass', '5932064269', 28);
insert into SUCURSALES (IDSUCURSAL, NOMBRE, DIRECCION, TELEFONO, CIUDAD_ASOCIADA) values (sucursal_sequence.nextVal, 'Smitham-McKenzie', '670 Ridgeview Junction', '4162904456', 28);
insert into SUCURSALES (IDSUCURSAL, NOMBRE, DIRECCION, TELEFONO, CIUDAD_ASOCIADA) values (sucursal_sequence.nextVal, 'Rice Group', '84386 John Wall Crossing', '7714233311', 42);
insert into SUCURSALES (IDSUCURSAL, NOMBRE, DIRECCION, TELEFONO, CIUDAD_ASOCIADA) values (sucursal_sequence.nextVal, 'Borer, Kreiger and Larson', '02091 Erie Street', '5922752553', 43);
insert into SUCURSALES (IDSUCURSAL, NOMBRE, DIRECCION, TELEFONO, CIUDAD_ASOCIADA) values (sucursal_sequence.nextVal, 'Schmidt, Prosacco and Skiles', '89 Hermina Road', '3353483586', 44);
insert into SUCURSALES (IDSUCURSAL, NOMBRE, DIRECCION, TELEFONO, CIUDAD_ASOCIADA) values (sucursal_sequence.nextVal, 'McKenzie Group', '554 Northridge Junction', '5779706344', 26);
insert into SUCURSALES (IDSUCURSAL, NOMBRE, DIRECCION, TELEFONO, CIUDAD_ASOCIADA) values (sucursal_sequence.nextVal, 'Schmeler Inc', '978 Kinsman Plaza', '7362061048', 27);
insert into SUCURSALES (IDSUCURSAL, NOMBRE, DIRECCION, TELEFONO, CIUDAD_ASOCIADA) values (sucursal_sequence.nextVal, 'Kris and Sons', '465 Sunfield Alley', '5803691860', 25);
insert into SUCURSALES (IDSUCURSAL, NOMBRE, DIRECCION, TELEFONO, CIUDAD_ASOCIADA) values (sucursal_sequence.nextVal, 'Hilll-Hickle', '2179 Graedel Point', '9679945847', 26);

insert into BODEGAS (ID, NOMBRE, TAMANIO, IDSUCURSAL) values (bodega_sequence.nextVal, 'bodega-399', 257, 4);
insert into BODEGAS (ID, NOMBRE, TAMANIO, IDSUCURSAL) values (bodega_sequence.nextVal, 'bodega-121', 132, 21);
insert into BODEGAS (ID, NOMBRE, TAMANIO, IDSUCURSAL) values (bodega_sequence.nextVal, 'bodega-763', 318, 22);
insert into BODEGAS (ID, NOMBRE, TAMANIO, IDSUCURSAL) values (bodega_sequence.nextVal, 'bodega-190', 322, 23);
insert into BODEGAS (ID, NOMBRE, TAMANIO, IDSUCURSAL) values (bodega_sequence.nextVal, 'bodega-684', 199, 24);
insert into BODEGAS (ID, NOMBRE, TAMANIO, IDSUCURSAL) values (bodega_sequence.nextVal, 'bodega-397', 200, 25);
insert into BODEGAS (ID, NOMBRE, TAMANIO, IDSUCURSAL) values (bodega_sequence.nextVal, 'bodega-524', 464, 26);
insert into BODEGAS (ID, NOMBRE, TAMANIO, IDSUCURSAL) values (bodega_sequence.nextVal, 'bodega-714', 276, 27);
insert into BODEGAS (ID, NOMBRE, TAMANIO, IDSUCURSAL) values (bodega_sequence.nextVal, 'bodega-430', 197, 28);
insert into BODEGAS (ID, NOMBRE, TAMANIO, IDSUCURSAL) values (bodega_sequence.nextVal, 'bodega-972', 984, 29);
insert into BODEGAS (ID, NOMBRE, TAMANIO, IDSUCURSAL) values (bodega_sequence.nextVal, 'bodega-600', 281, 30);
insert into BODEGAS (ID, NOMBRE, TAMANIO, IDSUCURSAL) values (bodega_sequence.nextVal, 'bodega-245', 125, 31);
insert into BODEGAS (ID, NOMBRE, TAMANIO, IDSUCURSAL) values (bodega_sequence.nextVal, 'bodega-225', 455, 32);
insert into BODEGAS (ID, NOMBRE, TAMANIO, IDSUCURSAL) values (bodega_sequence.nextVal, 'bodega-063', 416, 33);
insert into BODEGAS (ID, NOMBRE, TAMANIO, IDSUCURSAL) values (bodega_sequence.nextVal, 'bodega-880', 521, 34);

insert into PROVEEDORES (NIT, NOMBRE, DIRECCION, NOMBRECONTACTO, TELCONTACTO) values (826998, 'Sporer LLC', '5 North Court', 'Eugenia Bridgement', '6399391318');
insert into PROVEEDORES (NIT, NOMBRE, DIRECCION, NOMBRECONTACTO, TELCONTACTO) values (813000, 'Franecki, Reichel and Mante', '8 Kinsman Lane', 'Andres Tonkinson', '3182554751');
insert into PROVEEDORES (NIT, NOMBRE, DIRECCION, NOMBRECONTACTO, TELCONTACTO) values (833695, 'Feest, Schowalter and Kohler', '75955 Sugar Circle', 'Betteanne Ingle', '5049596475');
insert into PROVEEDORES (NIT, NOMBRE, DIRECCION, NOMBRECONTACTO, TELCONTACTO) values (128533, 'Lang Group', '8 Delaware Hill', 'Katuscha Sturton', '6429809994');
insert into PROVEEDORES (NIT, NOMBRE, DIRECCION, NOMBRECONTACTO, TELCONTACTO) values (229040, 'Collier LLC', '84319 Maywood Way', 'Kettie Toye', '9527513006');
insert into PROVEEDORES (NIT, NOMBRE, DIRECCION, NOMBRECONTACTO, TELCONTACTO) values (660702, 'Greenholt, Hahn and Grimes', '07 Kennedy Crossing', 'Natividad Althrop', '9652409715');
insert into PROVEEDORES (NIT, NOMBRE, DIRECCION, NOMBRECONTACTO, TELCONTACTO) values (728721, 'Kautzer-Johns', '178 Novick Plaza', 'Joly Jeandel', '0350803250');
insert into PROVEEDORES (NIT, NOMBRE, DIRECCION, NOMBRECONTACTO, TELCONTACTO) values (731032, 'Stoltenberg-Cassin', '227 Weeping Birch Lane', 'Carlene M''cowis', '0685825205');
insert into PROVEEDORES (NIT, NOMBRE, DIRECCION, NOMBRECONTACTO, TELCONTACTO) values (101253, 'Jerde LLC', '8 Iowa Hill', 'Roxy Croome', '8291781443');
insert into PROVEEDORES (NIT, NOMBRE, DIRECCION, NOMBRECONTACTO, TELCONTACTO) values (158448, 'Jakubowski LLC', '464 Doe Crossing Park', 'Leila Robyns', '0570952204');
insert into PROVEEDORES (NIT, NOMBRE, DIRECCION, NOMBRECONTACTO, TELCONTACTO) values (727966, 'Prohaska, Purdy and O''Reilly', '31 Dixon Place', 'Perren Randales', '5375087650');
insert into PROVEEDORES (NIT, NOMBRE, DIRECCION, NOMBRECONTACTO, TELCONTACTO) values (374607, 'Daniel LLC', '0706 Loftsgordon Park', 'Ernesta Coggings', '7218997481');
insert into PROVEEDORES (NIT, NOMBRE, DIRECCION, NOMBRECONTACTO, TELCONTACTO) values (562590, 'Orn Group', '4 Mallory Plaza', 'Enrika Dytham', '4145145690');
insert into PROVEEDORES (NIT, NOMBRE, DIRECCION, NOMBRECONTACTO, TELCONTACTO) values (497265, 'Smith Inc', '5758 Clemons Way', 'Ruthie Pentycross', '9897188134');
insert into PROVEEDORES (NIT, NOMBRE, DIRECCION, NOMBRECONTACTO, TELCONTACTO) values (406130, 'Runte Group', '3 Morningstar Alley', 'Carmina Barsby', '7382651479');

INSERT INTO CATEGORIAS (CODIGO, NOMBRE, DESCRIPCION, CARACTERISTICAS) values (1, 'perecedero', 'Con fecha de caducidad', 'Vence pronto');
INSERT INTO CATEGORIAS (CODIGO, NOMBRE, DESCRIPCION, CARACTERISTICAS) values (2, 'herramientas', 'Herramientas para construccion', 'Pesados');
INSERT INTO CATEGORIAS (CODIGO, NOMBRE, DESCRIPCION, CARACTERISTICAS) values (3, 'noperecedero', 'Enlatados', 'Pueden tener mercurio');
INSERT INTO CATEGORIAS (CODIGO, NOMBRE, DESCRIPCION, CARACTERISTICAS) values (4, 'congelados', 'Frios frios', 'No apto para consumo (en caso de ser alergico al frio)');
INSERT INTO CATEGORIAS (CODIGO, NOMBRE, DESCRIPCION, CARACTERISTICAS) values (5, 'aseo', 'Para limpiar', 'Tóxicos usualmente');
INSERT INTO CATEGORIAS (CODIGO, NOMBRE, DESCRIPCION, CARACTERISTICAS) values (6, 'prendas', 'Es ropa', 'Para vestir');
INSERT INTO CATEGORIAS (CODIGO, NOMBRE, DESCRIPCION, CARACTERISTICAS) values (7, 'muebles', 'Para el hogar', 'Usualmente se venden en tiendas de muebles');
INSERT INTO CATEGORIAS (CODIGO, NOMBRE, DESCRIPCION, CARACTERISTICAS) values (8, 'electrodomesticos', 'Electrónicos y otros', 'Necesitan electricidad');

INSERT INTO ORDENES (ID, FECHA_ENTREGA, ESTADO, SUCURSAL_ENVIO, NIT_PROVEEDOR) VALUES (orden_sequence.nextVal, TO_DATE('14-04-2025', 'DD-MM-YYYY'), 'vigente', 22, 12321);
INSERT INTO ORDENES (ID, FECHA_ENTREGA, ESTADO, SUCURSAL_ENVIO, NIT_PROVEEDOR) VALUES (orden_sequence.nextVal, TO_DATE('28-08-2025', 'DD-MM-YYYY'), 'vigente', 24, 158448);
INSERT INTO ORDENES (ID, FECHA_ENTREGA, ESTADO, SUCURSAL_ENVIO, NIT_PROVEEDOR) VALUES (orden_sequence.nextVal, TO_DATE('24-08-2025', 'DD-MM-YYYY'), 'vigente', 33, 731032);
INSERT INTO ORDENES (ID, FECHA_ENTREGA, ESTADO, SUCURSAL_ENVIO, NIT_PROVEEDOR) VALUES (orden_sequence.nextVal, TO_DATE('26-06-2024', 'DD-MM-YYYY'), 'vigente', 5, 728721);
INSERT INTO ORDENES (ID, FECHA_ENTREGA, ESTADO, SUCURSAL_ENVIO, NIT_PROVEEDOR) VALUES (orden_sequence.nextVal, TO_DATE('10-02-2024', 'DD-MM-YYYY'), 'vigente', 6, 833695);
INSERT INTO ORDENES (ID, FECHA_ENTREGA, ESTADO, SUCURSAL_ENVIO, NIT_PROVEEDOR) VALUES (orden_sequence.nextVal, TO_DATE('13-03-2025', 'DD-MM-YYYY'), 'vigente', 27, 660702);
INSERT INTO ORDENES (ID, FECHA_ENTREGA, ESTADO, SUCURSAL_ENVIO, NIT_PROVEEDOR) VALUES (orden_sequence.nextVal, TO_DATE('04-05-2025', 'DD-MM-YYYY'), 'vigente', 22, 562590);
INSERT INTO ORDENES (ID, FECHA_ENTREGA, ESTADO, SUCURSAL_ENVIO, NIT_PROVEEDOR) VALUES (orden_sequence.nextVal, TO_DATE('18-03-2025', 'DD-MM-YYYY'), 'vigente', 1, 826998);
INSERT INTO ORDENES (ID, FECHA_ENTREGA, ESTADO, SUCURSAL_ENVIO, NIT_PROVEEDOR) VALUES (orden_sequence.nextVal, TO_DATE('29-09-2023', 'DD-MM-YYYY'), 'vigente', 35, 1222112);
INSERT INTO ORDENES (ID, FECHA_ENTREGA, ESTADO, SUCURSAL_ENVIO, NIT_PROVEEDOR) VALUES (orden_sequence.nextVal, TO_DATE('02-07-2025', 'DD-MM-YYYY'), 'vigente', 29, 406130);
INSERT INTO ORDENES (ID, FECHA_ENTREGA, ESTADO, SUCURSAL_ENVIO, NIT_PROVEEDOR) VALUES (orden_sequence.nextVal, TO_DATE('15-03-2024', 'DD-MM-YYYY'), 'vigente', 11, 833695);
INSERT INTO ORDENES (ID, FECHA_ENTREGA, ESTADO, SUCURSAL_ENVIO, NIT_PROVEEDOR) VALUES (orden_sequence.nextVal, TO_DATE('21-07-2024', 'DD-MM-YYYY'), 'vigente', 23, 374607);
INSERT INTO ORDENES (ID, FECHA_ENTREGA, ESTADO, SUCURSAL_ENVIO, NIT_PROVEEDOR) VALUES (orden_sequence.nextVal, TO_DATE('23-02-2025', 'DD-MM-YYYY'), 'vigente', 9, 101253);
INSERT INTO ORDENES (ID, FECHA_ENTREGA, ESTADO, SUCURSAL_ENVIO, NIT_PROVEEDOR) VALUES (orden_sequence.nextVal, TO_DATE('25-10-2023', 'DD-MM-YYYY'), 'vigente', 30, 497265);
INSERT INTO ORDENES (ID, FECHA_ENTREGA, ESTADO, SUCURSAL_ENVIO, NIT_PROVEEDOR) VALUES (orden_sequence.nextVal, TO_DATE('21-11-2024', 'DD-MM-YYYY'), 'vigente', 7, 128257);

insert into PRODUCTOS (CODBARRAS, NOMBRE, PRECIOVENTA, PRESENTACION, UNIDAD_MEDIDA, ESP_EMPACADO, FECHA_EXP, CATEGORIA) values (codBarras_sequence.nextVal, 'Carroway Seed', 10700, 'paquete de 10 zanahorias', 'gr', '626 gr', null, 2);
insert into PRODUCTOS (CODBARRAS, NOMBRE, PRECIOVENTA, PRESENTACION, UNIDAD_MEDIDA, ESP_EMPACADO, FECHA_EXP, CATEGORIA) values (codBarras_sequence.nextVal, 'Wine - Sake', 85000, 'botella', 'ml', '384 ml', null, 8);
insert into PRODUCTOS (CODBARRAS, NOMBRE, PRECIOVENTA, PRESENTACION, UNIDAD_MEDIDA, ESP_EMPACADO, FECHA_EXP, CATEGORIA) values (codBarras_sequence.nextVal, 'Rice - Sushi', 5900, 'en bolsa', 'gr', '229 gr', null, 7);
insert into PRODUCTOS (CODBARRAS, NOMBRE, PRECIOVENTA, PRESENTACION, UNIDAD_MEDIDA, ESP_EMPACADO, FECHA_EXP, CATEGORIA) values (codBarras_sequence.nextVal, 'Taro Root', 3700, '10 raices', 'gr', '401 gr',  TO_DATE('15/12/2024', 'DD-MM-YYYY'), 1);
insert into PRODUCTOS (CODBARRAS, NOMBRE, PRECIOVENTA, PRESENTACION, UNIDAD_MEDIDA, ESP_EMPACADO, FECHA_EXP, CATEGORIA) values (codBarras_sequence.nextVal, 'Oil - Sesame', 13000, 'Embotellado', 'ml', '500 ml', null, 3);
insert into PRODUCTOS (CODBARRAS, NOMBRE, PRECIOVENTA, PRESENTACION, UNIDAD_MEDIDA, ESP_EMPACADO, FECHA_EXP, CATEGORIA) values (codBarras_sequence.nextVal, 'Fennel', 7000, 'no se ni que es esto', 'gr', '946 gr', null, 5);
insert into PRODUCTOS (CODBARRAS, NOMBRE, PRECIOVENTA, PRESENTACION, UNIDAD_MEDIDA, ESP_EMPACADO, FECHA_EXP, CATEGORIA) values (codBarras_sequence.nextVal, 'Crush - Cream Soda', 15000, 'Enlatado', 'gr', '871 gr', null, 8);
insert into PRODUCTOS (CODBARRAS, NOMBRE, PRECIOVENTA, PRESENTACION, UNIDAD_MEDIDA, ESP_EMPACADO, FECHA_EXP, CATEGORIA) values (codBarras_sequence.nextVal, 'Brandy Cherry - Mcguinness', 28000, '15 cerezas', 'gr', '353 gr', null, 4);
insert into PRODUCTOS (CODBARRAS, NOMBRE, PRECIOVENTA, PRESENTACION, UNIDAD_MEDIDA, ESP_EMPACADO, FECHA_EXP, CATEGORIA) values (codBarras_sequence.nextVal, 'Capers - Ox Eye Daisy', 2500, 'tampoco se que es esto', 'gr', '480 gr', null, 2);
insert into PRODUCTOS (CODBARRAS, NOMBRE, PRECIOVENTA, PRESENTACION, UNIDAD_MEDIDA, ESP_EMPACADO, FECHA_EXP, CATEGORIA) values (codBarras_sequence.nextVal, 'Oil - Avocado', 15000, 'Embotellado', 'ml', '622 ml', null, 8);
insert into PRODUCTOS (CODBARRAS, NOMBRE, PRECIOVENTA, PRESENTACION, UNIDAD_MEDIDA, ESP_EMPACADO, FECHA_EXP, CATEGORIA) values (codBarras_sequence.nextVal, 'Rootbeer', 43200, 'Botella', 'ml', '510 ml', null, 4);
insert into PRODUCTOS (CODBARRAS, NOMBRE, PRECIOVENTA, PRESENTACION, UNIDAD_MEDIDA, ESP_EMPACADO, FECHA_EXP, CATEGORIA) values (codBarras_sequence.nextVal, 'Oregano - Fresh', 9100, 'En bolsa', 'gr', '107 gr',  TO_DATE('21-11-2024', 'DD-MM-YYYY'), 1);
insert into PRODUCTOS (CODBARRAS, NOMBRE, PRECIOVENTA, PRESENTACION, UNIDAD_MEDIDA, ESP_EMPACADO, FECHA_EXP, CATEGORIA) values (codBarras_sequence.nextVal, 'Mix - Cocktail Strawberry Daiquiri', 9800, 'Embotellado', 'ml', '121 ml', null, 7);
insert into PRODUCTOS (CODBARRAS, NOMBRE, PRECIOVENTA, PRESENTACION, UNIDAD_MEDIDA, ESP_EMPACADO, FECHA_EXP, CATEGORIA) values (codBarras_sequence.nextVal, 'Olives - Stuffed', 12000, 'En bolsa', 'gr', '188 gr', null, 7);
insert into PRODUCTOS (CODBARRAS, NOMBRE, PRECIOVENTA, PRESENTACION, UNIDAD_MEDIDA, ESP_EMPACADO, FECHA_EXP, CATEGORIA) values (codBarras_sequence.nextVal, 'Cheese - Colby', 16000, 'Bloque', 'gr', '663 gr', TO_DATE('30/06/2024', 'DD-MM-YYYY'), 1);

insert into INVENTARIOS (CODIGOBARRAS, IDBODEGA, COSTO_GRUPO_PRODUCTO, CANTIDAD_OCUPADA, MINIMO_RECOMPRA, CAPACIDAD_MAX) values (1, 31, 19000, 24, 23, 60);
insert into INVENTARIOS (CODIGOBARRAS, IDBODEGA, COSTO_GRUPO_PRODUCTO, CANTIDAD_OCUPADA, MINIMO_RECOMPRA, CAPACIDAD_MAX) values (2, 29, 6300, 11, 27, 79);
insert into INVENTARIOS (CODIGOBARRAS, IDBODEGA, COSTO_GRUPO_PRODUCTO, CANTIDAD_OCUPADA, MINIMO_RECOMPRA, CAPACIDAD_MAX) values (3, 24, 7900, 9, 18, 88);
insert into INVENTARIOS (CODIGOBARRAS, IDBODEGA, COSTO_GRUPO_PRODUCTO, CANTIDAD_OCUPADA, MINIMO_RECOMPRA, CAPACIDAD_MAX) values (4, 26, 13000, 2, 23, 53);
insert into INVENTARIOS (CODIGOBARRAS, IDBODEGA, COSTO_GRUPO_PRODUCTO, CANTIDAD_OCUPADA, MINIMO_RECOMPRA, CAPACIDAD_MAX) values (5, 33, 4300, 10, 24, 54);
insert into INVENTARIOS (CODIGOBARRAS, IDBODEGA, COSTO_GRUPO_PRODUCTO, CANTIDAD_OCUPADA, MINIMO_RECOMPRA, CAPACIDAD_MAX) values (6, 24, 5900, 2, 10, 55);
insert into INVENTARIOS (CODIGOBARRAS, IDBODEGA, COSTO_GRUPO_PRODUCTO, CANTIDAD_OCUPADA, MINIMO_RECOMPRA, CAPACIDAD_MAX) values (7, 35, 8300, 8, 19, 71);
insert into INVENTARIOS (CODIGOBARRAS, IDBODEGA, COSTO_GRUPO_PRODUCTO, CANTIDAD_OCUPADA, MINIMO_RECOMPRA, CAPACIDAD_MAX) values (8, 34, 8600, 12, 30, 70);
insert into INVENTARIOS (CODIGOBARRAS, IDBODEGA, COSTO_GRUPO_PRODUCTO, CANTIDAD_OCUPADA, MINIMO_RECOMPRA, CAPACIDAD_MAX) values (9, 34, 14000, 5, 27, 82);
insert into INVENTARIOS (CODIGOBARRAS, IDBODEGA, COSTO_GRUPO_PRODUCTO, CANTIDAD_OCUPADA, MINIMO_RECOMPRA, CAPACIDAD_MAX) values (10, 25, 5600, 1, 28, 96);
insert into INVENTARIOS (CODIGOBARRAS, IDBODEGA, COSTO_GRUPO_PRODUCTO, CANTIDAD_OCUPADA, MINIMO_RECOMPRA, CAPACIDAD_MAX) values (11, 22, 6000, 1, 17, 84);
insert into INVENTARIOS (CODIGOBARRAS, IDBODEGA, COSTO_GRUPO_PRODUCTO, CANTIDAD_OCUPADA, MINIMO_RECOMPRA, CAPACIDAD_MAX) values (12, 35, 20000, 8, 18, 96);
insert into INVENTARIOS (CODIGOBARRAS, IDBODEGA, COSTO_GRUPO_PRODUCTO, CANTIDAD_OCUPADA, MINIMO_RECOMPRA, CAPACIDAD_MAX) values (13, 30, 6700, 4, 26, 83);
insert into INVENTARIOS (CODIGOBARRAS, IDBODEGA, COSTO_GRUPO_PRODUCTO, CANTIDAD_OCUPADA, MINIMO_RECOMPRA, CAPACIDAD_MAX) values (14, 34, 7600, 4, 14, 98);
insert into INVENTARIOS (CODIGOBARRAS, IDBODEGA, COSTO_GRUPO_PRODUCTO, CANTIDAD_OCUPADA, MINIMO_RECOMPRA, CAPACIDAD_MAX) values (1, 29, 43000, 8, 23, 82);
insert into INVENTARIOS (CODIGOBARRAS, IDBODEGA, COSTO_GRUPO_PRODUCTO, CANTIDAD_OCUPADA, MINIMO_RECOMPRA, CAPACIDAD_MAX) values (6, 32, 8200, 12, 13, 55);
insert into INVENTARIOS (CODIGOBARRAS, IDBODEGA, COSTO_GRUPO_PRODUCTO, CANTIDAD_OCUPADA, MINIMO_RECOMPRA, CAPACIDAD_MAX) values (7, 25, 5500, 4, 11, 76);
insert into INVENTARIOS (CODIGOBARRAS, IDBODEGA, COSTO_GRUPO_PRODUCTO, CANTIDAD_OCUPADA, MINIMO_RECOMPRA, CAPACIDAD_MAX) values (8, 32, 3300, 6, 19, 60);
insert into INVENTARIOS (CODIGOBARRAS, IDBODEGA, COSTO_GRUPO_PRODUCTO, CANTIDAD_OCUPADA, MINIMO_RECOMPRA, CAPACIDAD_MAX) values (9, 24, 7300, 8, 11, 59);
insert into INVENTARIOS (CODIGOBARRAS, IDBODEGA, COSTO_GRUPO_PRODUCTO, CANTIDAD_OCUPADA, MINIMO_RECOMPRA, CAPACIDAD_MAX) values (10, 29, 2900, 11, 15, 71);

insert into ORDEN_PRODUCTO (IDORDEN, IDPRODUCTO, CANTIDAD_PRODUCTO, PRECIOBODEGA) values (19, 12, 20, 37000);
insert into ORDEN_PRODUCTO (IDORDEN, IDPRODUCTO, CANTIDAD_PRODUCTO, PRECIOBODEGA) values (12, 1, 3, 7600);
insert into ORDEN_PRODUCTO (IDORDEN, IDPRODUCTO, CANTIDAD_PRODUCTO, PRECIOBODEGA) values (17, 14, 19, 41000);
insert into ORDEN_PRODUCTO (IDORDEN, IDPRODUCTO, CANTIDAD_PRODUCTO, PRECIOBODEGA) values (14, 14, 16, 3900);
insert into ORDEN_PRODUCTO (IDORDEN, IDPRODUCTO, CANTIDAD_PRODUCTO, PRECIOBODEGA) values (8, 11, 10, 8600);
insert into ORDEN_PRODUCTO (IDORDEN, IDPRODUCTO, CANTIDAD_PRODUCTO, PRECIOBODEGA) values (11, 5, 9, 7000);
insert into ORDEN_PRODUCTO (IDORDEN, IDPRODUCTO, CANTIDAD_PRODUCTO, PRECIOBODEGA) values (10, 4, 5, 6100);
insert into ORDEN_PRODUCTO (IDORDEN, IDPRODUCTO, CANTIDAD_PRODUCTO, PRECIOBODEGA) values (19, 6, 11, 3600);
insert into ORDEN_PRODUCTO (IDORDEN, IDPRODUCTO, CANTIDAD_PRODUCTO, PRECIOBODEGA) values (14, 14, 13, 8400);
insert into ORDEN_PRODUCTO (IDORDEN, IDPRODUCTO, CANTIDAD_PRODUCTO, PRECIOBODEGA) values (19, 4, 7, 8900);

INSERT INTO RECEPCION_PRODUCTO (IDENTIFICADOR, PRODUCTO, CANTIDAD, BODEGA, PROVEEDOR, COSTO_GRUPO_PRODUCTO) VALUES (recepcion_sequence.nextVal, 9, 3, 25, 406130, 6300);
INSERT INTO RECEPCION_PRODUCTO (IDENTIFICADOR, PRODUCTO, CANTIDAD, BODEGA, PROVEEDOR, COSTO_GRUPO_PRODUCTO) VALUES (recepcion_sequence.nextVal, 1, 5, 33, 660702, 6200);
INSERT INTO RECEPCION_PRODUCTO (IDENTIFICADOR, PRODUCTO, CANTIDAD, BODEGA, PROVEEDOR, COSTO_GRUPO_PRODUCTO) VALUES (recepcion_sequence.nextVal, 6, 4, 25, 813000, 7500);
INSERT INTO RECEPCION_PRODUCTO (IDENTIFICADOR, PRODUCTO, CANTIDAD, BODEGA, PROVEEDOR, COSTO_GRUPO_PRODUCTO) VALUES (recepcion_sequence.nextVal, 9, 9, 25, 158448, 2100);
INSERT INTO RECEPCION_PRODUCTO (IDENTIFICADOR, PRODUCTO, CANTIDAD, BODEGA, PROVEEDOR, COSTO_GRUPO_PRODUCTO) VALUES (recepcion_sequence.nextVal, 8, 10, 22, 562590, 5800);
INSERT INTO RECEPCION_PRODUCTO (IDENTIFICADOR, PRODUCTO, CANTIDAD, BODEGA, PROVEEDOR, COSTO_GRUPO_PRODUCTO) VALUES (recepcion_sequence.nextVal, 1, 17, 23, 12321, 3400);
INSERT INTO RECEPCION_PRODUCTO (IDENTIFICADOR, PRODUCTO, CANTIDAD, BODEGA, PROVEEDOR, COSTO_GRUPO_PRODUCTO) VALUES (recepcion_sequence.nextVal, 6, 6, 24, 728721, 8000);
INSERT INTO RECEPCION_PRODUCTO (IDENTIFICADOR, PRODUCTO, CANTIDAD, BODEGA, PROVEEDOR, COSTO_GRUPO_PRODUCTO) VALUES (recepcion_sequence.nextVal, 8, 19, 34, 101253, 28000);
INSERT INTO RECEPCION_PRODUCTO (IDENTIFICADOR, PRODUCTO, CANTIDAD, BODEGA, PROVEEDOR, COSTO_GRUPO_PRODUCTO) VALUES (recepcion_sequence.nextVal, 1, 20, 29, 497265, 5600);
INSERT INTO RECEPCION_PRODUCTO (IDENTIFICADOR, PRODUCTO, CANTIDAD, BODEGA, PROVEEDOR, COSTO_GRUPO_PRODUCTO) VALUES (recepcion_sequence.nextVal, 13, 20, 21, 833695, 5900);
